besteksnummer,ordernummer,project,file,Onderdeel,opdrachtgever
,,,16401-4201-00-E_1.0.pdf,,
96.910.030,,N348 Zutphen - Eefde,16401-4202-00-E_1.0.pdf,Auto-fietsbrug Twentekanaal,Provincie Gelderland
96.910.030,,N348 Zutphen - Eefde,16401-4203-00-E_1.0.pdf,Auto-fietsbrug Twentekanaal,Provincie Gelderland
96.910.030,,N348 Zutphen - Eefde,16401-4204-00-E_1.0.pdf,Auto-fietsbrug Twentekanaal “,Provincie Gelderland
96.910.030,,N348 Zutphen - Eefde,16401-4205-00-E_1.0.pdf,Auto-fietsbrug Twentekanaal,Provincie Gelderland
96.910.030,,N348 Zutphen - Eefde,16401-4206-00-E_1.0.pdf,Auto-fietsbrug Twentekanaal,Provincie Gelderland
96.910.030,,N348 Zutphen - Eefde,16401-4207-00-E_1.0.pdf,Auto-fietsbrug Twentekanaal,Provincie Gelderland
96.910.030,,N348 Zutphen - Eefde,16401-4208-00-E_1.0.pdf,Auto-fietsbrug Twentekanaal,Provincie Gelderland
96.910.030,,N348 Zutphen - Eefde,16401-4209-00-E_1.0.pdf,Auto-fietsbrug Twentekanaal,Provincie Gelderland
96.910.030,,N348 Zutphen - Eefde,16401-4210-00-E_1.0.pdf,Auto - Fietsbrug Twentekanaal,Provincie Gelderland
96.910.030,,N348 Zutphen - Eefde,16401-4211-00-E_1.0.pdf,Bogenbrug,Provincie Gelderland
,,N348 Zutphen - Eefde,16401-4211-01-E_1.0.pdf,Bogenbrug,Provincie Gelderland
96.910.030,,N348 Zutphen - Eefde,16401-4212-00-E_1.0.pdf,Auto-fietsbrug Twentekanaal,Provincie Gelderland
96.910.030,,N348 Zutphen - Eefde <,16401-4213-00-E_1.0.pdf,|,Provincie Gelderland
,,,16401-4214-00-E_1.0.pdf,,
96.910.030,,N348 Zutphen - Eefde 4),16401-4220-00-E_1.0.pdf,|,Provincie Gelderland
96.910.030,,N348 Zutphen - Eefde,16401-4221-00-E_1.0.pdf,Auto-fietsbrug Twentekanaal,Provincie Gelderland
,,,16401-4222-00-E_1.0.pdf,,
96.910.030,,N348 Zutphen - Eefde ú,16401-4230-01-E_1.0.pdf,| |,Provincie Gelderland
96.910.030,,"N348 Zutphen - Eefde <""",16401-4230-02-E_1.0.pdf,"4,",Provincie Gelderland
96.910.030,,N348 Zutphen - Eefde,16401-4230-03-E_1.0.pdf,Auto-fietsbrug Twentekanaal,Provincie Gelderland
96.910.030,,N348 Zutphen - Eefde,16401-4230-04-E_1.0.pdf,Auto-fietsbrug Twentekanaal,Provincie Gelderland
96.910.030,,N348 Zutphen - Eefde <,16401-4230-05-E_1.0.pdf,|,Provincie Gelderland
96.910.030,,N348 Zutphen - Eefde,16401-4300-00-P_1.0.pdf,Auto-fietsbrug Twentekanaal,Provincie Gelderland
96.910.030,,N348 Zutphen - Eefde,16401-4300-01-P_1.0.pdf,Auto-fietsbrug Twentekanaal,Provincie Gelderland
96.910.030,,N348 Zutphen - Eefde,16401-4300-02-P_1.0.pdf,Auto-fietsbrug Twentekanaal,Provincie Gelderland
96.910.030,,N348 Zutphen - Eefde,16401-4300-03-P_1.0.pdf,Auto-fietsbrug Twentekanaal,Provincie Gelderland
96.910.030,,N348 Zutphen - Eefde ',16401-4301-00-P_1.0.pdf,,Provincie Gelderland
96.910.030,,N348 Zutphen - Eefde ',16401-4302-00-P_1.0.pdf,,Provincie Gelderland
96.910.030,,N348 Zutphen - Eefde,16401-4311-00-P_1.0.pdf,Auto-fietsbrug Twentekanaal,Provincie Gelderland
96.910.030,,N348 Zutphen - Eefde,16401-4311-01-P_1.0.pdf,Auto-fietsbrug Twentekanaal,Provincie Gelderland
,,N348 Zutphen - Eefde,16401-4312-00-P_1.0.pdf,Auto-fietsbrug Twentekanaal,Provincie Gelderland
,,N348 Zutphen - Eefde,16401-4312-01-P_1.0.pdf,Auto-fietsbrug Twentekanaal,Provincie Gelderland
,,N348 Zutphen - Eefde,16401-4313-00-P_1.0.pdf,Auto-fietsbrug Twentekanaal,Provincie Gelderland
,,N348 Zutphen - Eefde,16401-4313-01-P_1.0.pdf,Auto-fietsbrug Twentekanaal,Provincie Gelderland
,,N348 Zutphen - Eefde,16401-4314-00-P_1.0.pdf,Auto-fietsbrug Twentekanaal,Provincie Gelderland
,,N348 Zutphen - Eefde,16401-4314-01-P_1.0.pdf,Auto-fietsbrug Twentekanaal,Provincie Gelderland
96.910.030,,N348 Zutphen - Eefde,16401-4315-00-P_1.0.pdf,Auto-fietsbrug Twentekanaal,Provincie Gelderland
96.910.030,,N348 Zutphen - Eefde,16401-4315-01-P_1.0.pdf,Auto-fietsbrug Twentekanaal,Provincie Gelderland
96.910.030,,N348 Zutphen - Eefde,16401-4320-00-P_1.0.pdf,Auto-fietsbrug Twentekanaal,Provincie Gelderland
96.910.030,,N348 Zutphen - Eefde,16401-4320-01-P_1.0.pdf,Auto-fietsbrug Twentekanaal,Provincie Gelderland
96.910.030,,N348 Zutphen - Eefde,16401-4320-02-P_1.0.pdf,Auto-fietsbrug Twentekanaal,Provincie Gelderland
,,N348 Zutphen - Eefde,16401-4321-00-P_1.0.pdf,Auto-fietsbrug Twentekanaal,Provincie Gelderland
96.910.030,,N348 Zutphen - Eefde,16401-4321-01-P_1.0.pdf,Auto-fietsbrug Twentekanaal,Provincie Gelderland
,,N348 Zutphen - Eefde,16401-4321-02-P_1.0.pdf,Auto-fietsbrug Twentekanaal,Provincie Gelderland
,,N348 Zutphen - Eefde,16401-4322-00-P_1.0.pdf,Auto-fietsbrug Twentekanaal,Provincie Gelderland
96.910.030,,N348 Zutphen - Eefde,16401-4322-01-P_1.0.pdf,Auto-fietsbrug Twentekanaal,Provincie Gelderland
96.910.030,,N348 Zutphen - Eefde e,16401-4322-02-P_1.0.pdf,|,Provincie Gelderland
96.910.030,,N348 Zutphen - Eefde,16401-4322-03-P_1.0.pdf,Auto-fietsbrug Twentekanaal,Provincie Gelderland
,,N348 Zutphen - Eefde,16401-4322-04-P_1.0.pdf,Auto-fietsbrug Twentekanaal,Provincie Gelderland
,,N348 Zutphen - Eefde,16401-4323-00-P_1.0.pdf,Auto-fietsbrug Twentekanaal,Provincie Gelderland
96.910.030,,N348 Zutphen - Eefde,16401-4323-01-P_1.0.pdf,Auto-fietsbrug Twentekanaal,Provincie Gelderland
| 96.910.030,,,16401-4323-02-P_1.0.pdf,Auto-fietsbrug Twentekanaal,Provincie Gelderland gpg
96.910.030,,N348 Zutphen - Eefde,16401-4324-00-P_1.0.pdf,Auto-fietsbrug Twentekanaal,Provincie Gelderland
96.910.030,,N348 Zutphen - Eefde,16401-4324-01-P_1.0.pdf,Auto-fietsbrug Twentekanaal,Provincie Gelderland
96.910.030,,N348 Zutphen - Eefde e,16401-4324-02-P_1.0.pdf,,Provincie Gelderland
96.910.030,,N348 Zutphen - Eefde e,16401-4324-03-P_1.0.pdf,|,Provincie Gelderland
96.910.030,,N348 Zutphen - Eefde,16401-4324-04-P_1.0.pdf,Auto-fietsbrug Twentekanaal,Provincie Gelderland
96.910.030,,N348 Zutphen - Eefde,16401-4324-05-P_1.0.pdf,Auto-fietsbrug Twentekanaal,Provincie Gelderland
96.910.030,1 6401 Versie 1 . O Status AS BUILT Tek. Nr. 03.04. IEM.TEK. 4330 -00,| 3 a N348 Zutphen - Eefde,16401-4330-00-P_1.0.pdf,siohtingsles Iv-Infra Auto-fietsbrug Twentekanaal,
96.910.030,16401 Versi 1.0 status AS BUILT rex.nr. 03.04.IEM.TEK. 4330 -01,N348 Zutphen - Eefde,16401-4330-01-P_1.0.pdf,Iv-Infra Auto-fietsbrug Twentekanaal |,Provincie Gelderland
96.910.030,,N348 Zutphen - Eefde,16401-4330-02-P_1.0.pdf,:,Provincie Gelderland
,,,16401-4332-00-P_1.0.pdf,,
96.910.030,AA ON :,N348 Zutphen - Eefde,16401-4334-00-P_1.0.pdf,Auto-fietsbrug Twentekanaal,Provincie Gelderland
96.910.030,,N348 Zutphen - Eefde,16401-4334-01-P_1.0.pdf,Iv-Infra Auto-fietsbrug Twentekanaal | |,Provincie Gelderland
96.910.030,,Ì A e e C O C C C O C C C O ( n n O C e pei i | N348 Zutphen - Eefde,16401-4334-02-P_1.0.pdf,Wv-Infra Auto-fietsbrug Twentekanaal,/ /
96.910.030,1 6401 Versie 1 . O Status AS BUILT Tek. Nr. 03.04. IEM.TEK. 4340 -00,10 7 6 7404 waza N348 Zutphen - Eefde,16401-4340-00-P_1.0.pdf,\-Infra Auto-fietsbrug Twentekanaal |,“ND | E eS Provincie Gelderland
96.910.030,"16401 Versi 1.0 status AS BUILT rex.nr. Q3.04,IEM.TEK. 4340 -01",N348 Zutphen - Eefde,16401-4340-01-P_1.0.pdf,Iv-Infra Auto-fietsbrug Twentekanaal |,Provincie Gelderland
,,,16401-4340-02-P_1.0.pdf,,
,,,16401-4342-00-P_1.0.pdf,,
,,,16401-4343-00-P_1.0.pdf,,
96.910.030,,"k Detail A , 1:10 N348 Zutphen - Eefde",16401-4344-00-P_1.0.pdf,"| 4, .",
96.910.030,16401 Versi 1.0 status AS BUILT rex.nr. Q3.04.IEMTEK. 4344 -01,N348 Zutphen - Eefde,16401-4344-01-P_1.0.pdf,Iv-Infra Auto-fietsbrug Twentekanaal |,Provincie Gelderland
,,,16401-4344-02-P_1.0.pdf,,
96.910.030,,N348 Zutphen - Eefde Pr,16401-4345-01-P_1.0.pdf,"4,",Provincie Gelderland
96.910.030,,N348 Zutphen - Eefde,16401-4346-00-P_1.0.pdf,Auto-fietsbrug Twentekanaal,Provincie Gelderland
| 96.910.030,,es,16401-4347-00-P_1.0.pdf,"4,",Provincie Gelderland
96.910.030,,12 - N348 Zutphen - Eefde,16401-4350-00-P_1.0.pdf,,/ /
96.910.030,,N348 Zutphen - Eefde,16401-4350-02-P_1.0.pdf,Auto-fietsbrug Twentekanaal,Provincie Gelderland
96.910.030,,N348 Zutphen - Eefde,16401-4351-00-P_1.0.pdf,Iv-Infra Auto-fietsbrug Twentekanaal |,Provincie Gelderland
96.910.030,,N348 Zutphen - Eefde,16401-4351-01-P_1.0.pdf,Wv-Infra Auto-fietsbrug Twentekanaal |,Provincie Gelderland
96.910.030,,N348 Zutphen - Eefde,16401-4351-02-P_1.0.pdf,Auto-fietsbrug Twentekanaal,Provincie Gelderland
96.910.030,,N348 Zutphen - Eefde,16401-4352-00-P_1.0.pdf,Iv-Infra Auto-fietsbrug Twentekanaal |,Provincie Gelderland
96.910.030,,N348 Zutphen - Eefde,16401-4352-01-P_1.0.pdf,Wv-Infra Auto-fietsbrug Twentekanaal |,Provincie Gelderland
96.910.030,,N348 Zutphen - Eefde,16401-4352-02-P_1.0.pdf,Auto-fietsbrug Twentekanaal,Provincie Gelderland
96.910.030,,N348 Zutphen - Eefde,16401-4353-00-P_1.0.pdf,Iv-Infra Auto-fietsbrug Twentekanaal | |,Provincie Gelderland
96.910.030,,N348 Zutphen - Eefde,16401-4353-01-P_1.0.pdf,Wv-Infra Auto-fietsbrug Twentekanaal | |,Provincie Gelderland
96.910.030,,N348 Zutphen - Eefde,16401-4353-02-P_1.0.pdf,Auto-fietsbrug Twentekanaal,Provincie Gelderland
96.910.030,,r O N348 Zutphen - Eefde,16401-4354-00-P_1.0.pdf,W-Infra Auto-fietsbrug Twentekanaal,/ /
,,,16401-4354-01-P_1.0.pdf,,
96.910.030,,N348 Zutphen - Eefde,16401-4354-02-P_1.0.pdf,Auto-fietsbrug Twentekanaal,Provincie Gelderland
96.910.030,,Le al,16401-4355-00-P_1.0.pdf,| w,Provincie Gelderland
96.910.030,,N348 Zutphen - Eefde,16401-4360-00-P_1.0.pdf,Wv-Infra Auto-fietsbrug Twentekanaal,Provincie Gelderland
96.910.030,,N348 Zutphen - Eefde,16401-4370-00-P_1.0.pdf,Auto-fietsbrug Twentekanaal,Provincie Gelderland
96.910.030,,N348 Zutphen - Eefde,16401-4371-00-P_1.0.pdf,Auto-fietsbrug Twentekanaal,Provincie Gelderland
96.910.030,,N348 Zutphen - Eefde <,16401-4371-01-P_1.0.pdf,"| 4,",Provincie Gelderland
96.910.030,,N348 Zutphen - Eefde,16401-4372-00-P_1.0.pdf,Auto-fietsbrug Twentekanaal,Provincie Gelderland
96.910.030,,N348 Zutphen - Eefde,16401-4390-00-P_1.0.pdf,Auto-fietsbrug Twentekanaal,Provincie Gelderland
96.910.030,,N348 Zutphen - Eefde,16401-4390-01-P_1.0.pdf,Auto-fietsbrug Twentekanaal,Provincie Gelderland
96.910.030,,N348 Zutphen - Eefde,16401-4392-00-E_1.0.pdf,Auto-fietsbrug Twentekanaal,Provincie Gelderland
96.910.030,,N348 Zutphen - Eefde a! í,16401-9308-00-E_1.0.pdf,|,Provincie Gelderland
96.910.030,,N348 Zutphen - Eefde,16401-9308-01-P_1.0.pdf,Auto-fietsbrug Twentekanaal,Provincie Gelderland
